<?xml version="1.0" encoding="UTF-8"?>
<project-private xmlns="http://www.netbeans.org/ns/project-private/1">
    <editor-bookmarks xmlns="http://www.netbeans.org/ns/editor-bookmarks/2" lastBookmarkId="0"/>
    <open-files xmlns="http://www.netbeans.org/ns/projectui-open-files/2">
        <group>
            <file>file:/C:/Users/Intel/OneDrive/Documents/ulima/20252/PROG.ORIEN.OBJE/poo_proyecto_v3/src/gui/frmLogin.java</file>
            <file>file:/C:/Users/Intel/OneDrive/Documents/ulima/20252/PROG.ORIEN.OBJE/poo_proyecto_v3/src/modelo/personas/Administrador.java</file>
            <file>file:/C:/Users/Intel/OneDrive/Documents/ulima/20252/PROG.ORIEN.OBJE/poo_proyecto_v3/src/gui/MisVentasFrame.java</file>
            <file>file:/C:/Users/Intel/OneDrive/Documents/ulima/20252/PROG.ORIEN.OBJE/poo_proyecto_v3/src/gui/GestionPromocionesFrame.java</file>
            <file>file:/C:/Users/Intel/OneDrive/Documents/ulima/20252/PROG.ORIEN.OBJE/poo_proyecto_v3/src/gui/FormPromocionDialog.java</file>
            <file>file:/C:/Users/Intel/OneDrive/Documents/ulima/20252/PROG.ORIEN.OBJE/poo_proyecto_v3/src/gui/MenuAdministradorFrame.java</file>
            <file>file:/C:/Users/Intel/OneDrive/Documents/ulima/20252/PROG.ORIEN.OBJE/poo_proyecto_v3/src/gui/GestionEmpleadosFrame.java</file>
            <file>file:/C:/Users/Intel/OneDrive/Documents/ulima/20252/PROG.ORIEN.OBJE/poo_proyecto_v3/src/gui/frmListaVentas.java</file>
            <file>file:/C:/Users/Intel/OneDrive/Documents/ulima/20252/PROG.ORIEN.OBJE/poo_proyecto_v3/src/modelo/interfaces/IInventariable.java</file>
            <file>file:/C:/Users/Intel/OneDrive/Documents/ulima/20252/PROG.ORIEN.OBJE/poo_proyecto_v3/src/modelo/negocio/SistemaVentas.java</file>
            <file>file:/C:/Users/Intel/OneDrive/Documents/ulima/20252/PROG.ORIEN.OBJE/poo_proyecto_v3/src/gui/Main.java</file>
            <file>file:/C:/Users/Intel/OneDrive/Documents/ulima/20252/PROG.ORIEN.OBJE/poo_proyecto_v3/src/gui/ListaClientesFrame.java</file>
            <file>file:/C:/Users/Intel/OneDrive/Documents/ulima/20252/PROG.ORIEN.OBJE/poo_proyecto_v3/src/gui/FormEmpleadoDialog.java</file>
            <file>file:/C:/Users/Intel/OneDrive/Documents/ulima/20252/PROG.ORIEN.OBJE/poo_proyecto_v3/src/gui/MenuVendedorFrame.java</file>
            <file>file:/C:/Users/Intel/OneDrive/Documents/ulima/20252/PROG.ORIEN.OBJE/poo_proyecto_v3/src/gui/GenerarReportesFrame.java</file>
            <file>file:/C:/Users/Intel/OneDrive/Documents/ulima/20252/PROG.ORIEN.OBJE/poo_proyecto_v3/src/gui/frmGestionClientes.java</file>
            <file>file:/C:/Users/Intel/OneDrive/Documents/ulima/20252/PROG.ORIEN.OBJE/poo_proyecto_v3/src/gui/DetalleVentaDialog.java</file>
            <file>file:/C:/Users/Intel/OneDrive/Documents/ulima/20252/PROG.ORIEN.OBJE/poo_proyecto_v3/src/gui/frmCrearCotizacion.java</file>
        </group>
    </open-files>
</project-private>
